{"Camera1_display":"0","Camera2_display":"1","Camera3_display":2,"Using_curved_screen":true,"Player_screen_cm":150.0,"Screen_width_cm":121.0,"CameraFOVFactor":2.0,"MainCameraFOV":150.0,"Camera1FOV":2.2,"Camera2FOV":100.0,"Camera3FOV":2.2,"MCPPI":427.6,"GazeTime":1.5,"RandomGazeTime":0.5,"HideTime":0.2,"ErrorTime":2.0,"SpeedThreshold":180.0,"StopWinodow":0.03,"TargetChangeTime":1.0,"TargetChangeTimeRRange":0.0,"UseAcuityIndicator":true,"AcuityMode":1,"AcuityFlashTime":0.08,"AcuityChangeNumber":100,"AcuityChangeUpPerc":0.800000011920929,"AcuityChangeDownPerc":0.5,"AcuityList":[0,0,0,0,0,0,0,0,0,1,1,1,1,1,1,1,1,1,2,2,2,2,2,2,2,2,2,3,3,3,3,3,3,3,3,3,4,4,4,4,4,4,4,4,4,5,5,5,5,5,5,5,5,5,6,6,6,6,6,6,6,6,6,7,7,7,7,7,7,7,7,7,8,8,8,8,8,8,8,8,8,9,9,9,9,9,9,9,9,9],"StopSpeed":10,"PostDelayList":[],"PostDelayNumber":5,"PostDelayUpPC":0.5,"PostDelayLoPC":0.6,"PostDelayIncPC":0.5,"PostDelayConvNum":1,"PostDelayRepeatNum":2,"PostDelayASOffset":0,"DynaDelayRepeatNum":9,"DynaStopThresh":1000,"SecondHeadSpeed":150,"Cam1Angle":0.0,"Cam3Angle":180.0,"RotationScale":0.25,"DistScale":5.0,"HIOCRange":5160}