{"Camera1_display":"0","Camera2_display":"1","Camera3_display":2,"Using_curved_screen":true,"Player_screen_cm":200.0,"Screen_width_cm":121.0,"MainCameraFOV":179.0,"Camera1FOV":2.2,"Camera2FOV":100.0,"Camera3FOV":2.2,"ScreenResoH":1920,"ScreenResoV":1080,"GazeTime":1.5,"RandomGazeTime":0.5,"HideTime":0.2,"ErrorTime":2.0,"SpeedThreshold":20.0,"StopWinodow":0.03,"TargetChangeTime":1.0,"TargetChangeTimeRRange":0.0,"UseAcuityIndicator":true,"AcuityMode":1,"AcuityFlashTime":0.08,"AcuityChangeNumber":10,"AcuityChangeUpPerc":0.800000011920929,"AcuityChangeDownPerc":0.5,"AcuityList":[1,1,1,2,2,2,3,3,3,4,4,4,5,5,5,6,6,6,7,7,7,8,8,8,9,9,9,10,10,10,11,11,11,12,12,12,13,13,13,14,14,14,15,15,15],"StopSpeed":10,"PostDelayList":[],"PostDelayNumber":5,"PostDelayUpPC":0.5,"PostDelayLoPC":0.6,"PostDelayIncPC":0.5,"PostDelayConvNum":1,"PostDelayRepeatNum":2,"PostDelayASOffset":0,"DynaDelayRepeatNum":18,"DynaStopThresh":7,"SecondHeadSpeed":150.0,"Cam1Angle":0.0,"Cam3Angle":0.0,"RotationScale":0.25,"DistScale":5.0,"HIOCRange":5160}