{"Camera1_display":"0","Camera2_display":"1","Camera3_display":2,"Using_curved_screen":true,"Player_screen_cm":180.0,"Screen_width_cm":121.0,"CameraFOVFactor":2.0,"MainCameraFOV":150.0,"Camera1FOV":2.2,"Camera2FOV":100.0,"Camera3FOV":2.2,"MCPPI":80.6,"GazeTime":1.5,"RandomGazeTime":0.5,"HideTime":0.2,"ErrorTime":2.0,"SpeedThreshold":20.0,"StopWinodow":0.03,"TargetChangeTime":1.0,"TargetChangeTimeRRange":0.0,"UseAcuityIndicator":true,"AcuityMode":1,"AcuityFlashTime":0.08,"AcuityChangeNumber":10,"AcuityChangeUpPerc":0.800000011920929,"AcuityChangeDownPerc":0.5,"AcuityList":[3,4,2,3,3,0,6,0,7,1,7,1,5,3,4,8,6,8,8,7,6,7,5,3,0,9,4,6,8,8,9,4,3,1,4,5,8,1,5,6,6,0,7,9,9,9,6,8,0,5,5,3,2,2,5,4,7,3,5,2,6,9,5,9,2,4,2,4,1,8,0,3,9,7,2,7,0,0,1,9,8,2,4,1,0,7,2,6,1,1],"StopSpeed":10,"PostDelayList":[],"PostDelayNumber":5,"PostDelayUpPC":0.5,"PostDelayLoPC":0.6,"PostDelayIncPC":0.5,"PostDelayConvNum":1,"PostDelayRepeatNum":2,"PostDelayASOffset":0,"DynaDelayRepeatNum":9,"DynaStopThresh":7,"SecondHeadSpeed":150,"Cam1Angle":0.0,"Cam3Angle":180.0,"HIOCRange":5160,"DistScale":5.0}