{"Camera1_display":"0","Camera2_display":"1","Camera3_display":2,"Using_curved_screen":true,"Player_screen_cm":90.0,"Screen_width_cm":121.0,"CameraFOVFactor":2.0,"MainCameraFOV":150.0,"MCPPI":80.6,"GazeTime":1.5,"RandomGazeTime":0.5,"HideTime":0.2,"ErrorTime":2.0,"SpeedThreshold":20.0,"StopWinodow":0.03,"TargetChangeTime":1.0,"TargetChangeTimeRRange":0.0,"UseAcuityIndicator":true,"AcuityMode":1,"AcuityFlashTime":0.08,"AcuityChangeNumber":10,"AcuityChangeUpPerc":0.800000011920929,"AcuityChangeDownPerc":0.5,"AcuityList":[8,8,8,5,5,5,2,2,2],"StopSpeed":10,"PostDelayList":[],"PostDelayNumber":5,"PostDelayUpPC":0.5,"PostDelayLoPC":0.6,"PostDelayIncPC":0.5,"PostDelayConvNum":1,"PostDelayRepeatNum":2,"PostDelayASOffset":0,"DynaDelayRepeatNum":1,"DynaStopThresh":1000,"SecondHeadSpeed":20,"Cam1Angle":0.0,"Cam3Angle":180.0,"HIOCRange":5160,"DistScale":5.0}